label,raw
3,"iVBORw0KGgoAAAANSUhEUgAAABwAAAAcCAAAAABXZoBIAAAA8klEQVR4nM2SIUzDYBCFHwSHbS2VbS3o1SOpnq4G7Bygl6CYxw5sLQkKLkHRbW6zDXND3rsfwcZY/9+ScObe5cu7e+KAf13JjdGaMoTiYatU6jzy2cBoXIjMXeNDofI9AnpUj+WrhdT56AhwrDyaRUDFY5TUwFEA5SS5aK1dTwe/SJEtp+lL7D5OA7YRjUZrBwg44eDgni/fQgeLWlbGIhgGALKxihc1/lG1nXcXyv1G9njX8U2eNvKwsS3cB4CzdLoe89fUzXaduWv6J0DSf6Bx2M0zVqpIq1Re+WHF0Wj8lJ0v2Ptu0TWqxyVuZ13bX9QXLi9y8VjngMcAAAAASUVORK5CYII="
4,"iVBORw0KGgoAAAANSUhEUgAAABwAAAAcCAAAAABXZoBIAAAA4UlEQVR4nNWPIU9CURiGn8lVuMloYDL7pYqV5i+g8wdgVIqBTMNsATdNbAQdBgszsJEIjMCGm0EDAnMj3Kv3hQAoO3dns/Km7z3Pnu/bgT3NUUfL2amF1aXmRQzgJALL0nUCgOpnyWDeQl8OAOcTmbChILue7uWfGXCgFsRc101/6NY8OVCbzJMk6d0zYV7B848kSZXtm7MdUjhZus1kAXoReBPA3VtYhpeHyDc3KUq533JgwBCNbCJ9PVrZ8asu/5qxNpP6nlrNoSY7zTDj9O0QQutWxvKvrGZtfii7+v+sANNBUW3AwRsiAAAAAElFTkSuQmCC"
6,"iVBORw0KGgoAAAANSUhEUgAAABwAAAAcCAAAAABXZoBIAAAA0UlEQVR4nM3OvQ7BYBgF4IPqQgiSJiKxugEDNyARDAYRF+EezIYOOpTBz2CTEGNHJovFIgZrJxYD4ucwSFNp+63inb6cJ+d7X+An41dvWZEpXbImsKRKLtLeJmmkJguKbVIXLWw92QkKLHeg7hcVDc5TIoPJitBKnPgckb2kiunLkdmYwBEAkB8ZceevsRMLAELbKzl0NqUwADSWGRmIWpmF510GkXrv83ZdO+NqT5LkWnFh8f6hR9dtgEmSz3HZTqRvHmz6vHjUAJjNgDf8z7wBKb5K7BwQoLgAAAAASUVORK5CYII="
1,"iVBORw0KGgoAAAANSUhEUgAAABwAAAAcCAAAAABXZoBIAAAAh0lEQVR4nGNgGHAw+5sREo8JVfIBhypuyUcMcbglGRh+45YMZFiO0z2GP19z4tTJxvrvO07JYFSDUCUl8Uky4JFkU2S4gVOS24phD05JSQaGHTjtWP5vMzNOnc4M7//ikhRnZcRpKMPGf/88cMnJPPm3G1UrkrFiUgwL/+PSafTvEB9uO+kFACQaG6H43b9+AAAAAElFTkSuQmCC"
8,"iVBORw0KGgoAAAANSUhEUgAAABwAAAAcCAAAAABXZoBIAAABD0lEQVR4nM3QsSvEcRjH8c+d8wsh3Q23G0m6Gyg3it9fYJbBZjBZGCSDYzadom7mSsp6Sec2JXeXUki3iKRTv6L3w3Bu8f2OBs/y1PfV83yf55H+eeSKZna2nPRQYvMVwDjwYB4DykZzwKnLf/K+kUl1F7nq/Y3z0BiTpD2OnKYNu0xL6lu4eXJ/rBNK8WwNO/FhRsoCp/0uXtA6328Rbfd4FhkBDBY9pNyumX1ZyUPDZQOqW49vM47NRRiV1aSy1H5bGPFSDgNJ8fWPic5rop3Gg4fZW0lSMNmV6GD8J8cO2zZ4HMbcttHOkJSauodr5+hL8FwqRRiVUWfa6VrTAOprgWdPpQuFu+qKT/46vgEAdn7Lusya8wAAAABJRU5ErkJggg=="
1,"iVBORw0KGgoAAAANSUhEUgAAABwAAAAcCAAAAABXZoBIAAAAnElEQVR4nGNgGHhQd1UJp5zw438hCB4TqmS8NDIPTdKBAbekjRUeSSEhPJIMDAwvn2A6EwL2//u3E6dOLQaGDbg0Mrz8908Ol85Yfoavf3HoEzjw718TsgCyTgE7hl93cdmo+e/fc5zO2fXv3wJccqKn/+3hQRFBstPRmPH7HxZcDmL47/2tDofku08MDH+e4rI05v/5aJyupRcAAOmbKo9/IXMkAAAAAElFTkSuQmCC"
0,"iVBORw0KGgoAAAANSUhEUgAAABwAAAAcCAAAAABXZoBIAAABG0lEQVR4nMXQzysEYRzH8c9aU1JOHPxKW5JylKKUi3KQC4UScdHmH7DZmrPEHyAHuTi5OW5hD6tJOWxZxVLacXHxo+Zgp+0dh52nZma58j19vs/reer7faT/rqGDr/3fbNUFV1puayRrxgdcbdTKiw2YAbhNy4a3uFrHQGVcsoGP3Ygls0C+XdLwYQ3WIjgGFIJJHgNsCmzlSHImvR+X6H+GvNlg4IX3iRAWgbRp9qAUsoUqXq43aDo9yEmSmiVJKUs3U+bmeqv8HYUH0qkJiaR0dRbFSxOmbek8POwmXNRTR6YKD6kY3vVI6ttyAUYia3Zdw73jOGWAp+2W6CfMfhKUXxxUvAqvdSvNhw4TJnQvzY1m0Uml4d3f1jf+BYdABkU+8wAAAABJRU5ErkJggg=="
9,"iVBORw0KGgoAAAANSUhEUgAAABwAAAAcCAAAAABXZoBIAAAAyElEQVR4nGNgGLJAefLZ7/HYpVhj/nyv2XAMqxxb578rrgwylrYmmHLsi/9dMmJgYOB/shtTruPfRQkGBgaGlH93udElQ/49lGRgYGBgKPl3Fl1O+N5nTwYGBgYGyROYkkoQIebkO/+QJFlgDLnQbwz+YXwPu8peoOtkbPj379+/f49yWZX+VSNEYYwwf4YXq08wMDCcYzDC9CgU8D5E2MmELikqexi3pAPDa9ySQkhsDEkGvJKMl/FI/r+NTyc+Yz99xucMIgEAteA84zwxaYsAAAAASUVORK5CYII="
8,"iVBORw0KGgoAAAANSUhEUgAAABwAAAAcCAAAAABXZoBIAAABK0lEQVR4nMWQPUhCYRSGH11sKjGUgtKlyWhrKoqWanWoyS0awiD6QYKmGqI5qCGIxpagxrDARqcCvRZEuTSkgg5J9KPvlw2V6b17veN5eL/znA/+OYHxnYzZX/OAz8Fmc5KRtAQJOwvlpOdCvibNYAHg/oXxUO1wpKs7mqaNR3uzpHMAxhQjZm/6XNcA3BWzuOzNY+UBBpOVxHezKcFsbSswdVWRqkMrjlOm9XVKat1v2dloSpJRMuwBO4xkjDGmPg9AttU2sN1ffzuqfLwCUG/p9Zb1FO9k15y4AZvtnh4iAKeKOkQpaBiAOd04YdGEAfDdltobwx+h+/pyH4CpeieASYDGJ65u8mKdwUJHOfgO1kDzs968jCQZXQIctC7t2UhL0sWi3yn0l/kE4aaA9cFoB+cAAAAASUVORK5CYII="
0,"iVBORw0KGgoAAAANSUhEUgAAABwAAAAcCAAAAABXZoBIAAAA90lEQVR4nM2QsUoDQRRFb0xiE9TCYhVhXbTwK+ysrLUIWFksRAgEBCXY2fgB+QBtrPwKUSwtRsgmKSXaB0TiJmexyG6S2UErC18zl3dm3rtzpf9bhWqUJEkSbZRctlCH0eADMJ4DQ4gv5LdiMMs5VryFS0k67MNaDq7Dy6Yk6dGFNYb7ExW8c1602FKPTqavYGfiMW0sbs8uRlJoQUlv7u/S80i6+REGDrHH/gY/X+favRwsZ5n5p9KdNeEYnlJ5D2d2CKtkITSHtFfs3RVD3NqStPdF28878wx0G43nAZy4vg8MAHSCqcnCjJa8cPdB1/2x+/Bv6xuV3F3/AvdhQQAAAABJRU5ErkJggg=="
3,"iVBORw0KGgoAAAANSUhEUgAAABwAAAAcCAAAAABXZoBIAAABA0lEQVR4nGNgoD9gRDBNNMXV7dSeNM3Gosz797+/f//9/fszEy7EAmeFMP3/cprhMk905JzfGDp5Dq2WYWBgYOj6m4XF3GAjBgYGBoa6v7sxjWVYC2MowBhM6PotAxnuYTGWgYGBgSvsxr+PtliMZVCx1vTQZWCYfhhDj9C9n7///v37968Hwia4Tl55KOP/P0zJtyult75gkEhX6GDYicNBDEJr/mzC8AECHP0bhibCwwFn1v09jyonejIfymLNufH3NqqDdE31ReczMDAECoUpMv7PR9Wpde7f339/IfH5tYUVzU6TjT///fv37+/t333WWBxpO/PHxvhYXmPc3qAPAACTMVfCwCyHQAAAAABJRU5ErkJggg=="
1,"iVBORw0KGgoAAAANSUhEUgAAABwAAAAcCAAAAABXZoBIAAAATklEQVR4nGNgGGgw+a8DMpcJRfL/f1fckgwMuqx4JL058EiigEEuycjIhFvy//9/dfiMZaOBg8iWZObBo1L6z5/vLrgkecv32uOzhh4AAOC1DRy3q9QVAAAAAElFTkSuQmCC"
2,"iVBORw0KGgoAAAANSUhEUgAAABwAAAAcCAAAAABXZoBIAAABJUlEQVR4nGNgGGSAEc6S8NTU8uzbdv37R+Y4rlm/UVTF//3z58+fv3/+3LYs+/NHF0VO6s3fP3/+3IWqeKmIIhn75+8aXV1JPbu7f/78fe0AEWSBSmYwfLvgznDa1FeegYHh8QFUh3X8/v/379+////+/Vr35a8rmrPnQqy7v86KoetPL6qxDM0rGBgYGBiuPGdgYGDQQpN88ABuiBbDNSwhAgGmf5+r4pLjfPn/PJTJhC7Hu1T431ZcGlP//DkricPMZR/+XPKC8WCxEu9p/5+B4Yy5MAODygM0HW5//0JD6HscQhTqT4//DP/+MzAw/Pt/9gCGE0//+QOLz8eCaDqVDBkYGBgYtuxhzFOUZEXTKbXiz5/PpWIsDAz8Yo48uHxJLQAA2seC/8fqbvAAAAAASUVORK5CYII="
7,"iVBORw0KGgoAAAANSUhEUgAAABwAAAAcCAAAAABXZoBIAAAAyElEQVR4nGNgGDaAEUrHmsNEOBIZmNEUzfzz5++fPxDiJrpObq4Iof8MDAyimQwT67/gsMb1zzsZOIcJTdKf4ewTnA7897cewUHX+f//f5ySdgwMwjP3vHyRg+JaBgEDoXAGBje+/wwMDIc2zPyJrMVsF8yf+7S0YIIsUNrL+e6vO7sYqqVWRmC6MrSXm4GBgeHy3xU4PcJw+a87Eg/VtQJcDD9wShrIo3DR/Mn46xtuyf93TuOWZECWQ5N0Y9iEW/LHlQ0MxAIAJRJDMM/cQT8AAAAASUVORK5CYII="
0,"iVBORw0KGgoAAAANSUhEUgAAABwAAAAcCAAAAABXZoBIAAAA+klEQVR4nMXRr0uDURTG8WdDF7QYtDrLgkEtGp1RBDGo/4Dd5b1xwWQRwTe5Yha0WGXgkkkQQRQNs8wkWEzfx9dwN9n7I+tJz70fDvccrvTvNdfoJLbXimzjDgx8zOaoEpmAPsxaKQrQauHX+bQtxeCXo7pUw6yn+2LgakEqwEoE9EPOYQ04Wczg2ADrJfXix+ET5e/SSOPMLfyOf4avJ0a3h4vhuf2ONyVJ5XCxLfW+Brg6rZvu6DzP9jCe295NbfkEIUyeGloqxJUO5q2awx1Jx5dgDtKmtt1pPDixnTQzpuU+hO+6b45nUVsBP7vVHElT+wDeK6C/rR+qcJfaFVCDLAAAAABJRU5ErkJggg=="
2,"iVBORw0KGgoAAAANSUhEUgAAABwAAAAcCAAAAABXZoBIAAAA+UlEQVR4nGNgoAlgROYwKTAkXDj+HKtC09V///7999IGixTnmi9//26etfzvG05MyV0/J7hwMTMwrfpbiin5uQ5Cm3yphLsBIXsLQp25x4ApmaYDoe004EIscNZyKM3KjEUnDARiOgcO5L789cQpafB/OysuOeu7f3WwOIhBzC+Vk0GN7X8wywV0LZxd3/7+/fv375/vf3+sjmdisQxFyOmc+Htzfvzfv0997TY//vu3suvNNLic49W/84TlD/x9pMvAwCCb9Pfvu2KExil/L7W8+PD3PsQxrGLVtkg2vv779+/f2xnYfZD/d++GDD4c3mNVZMMhM6gAAGKRWoLPtJg9AAAAAElFTkSuQmCC"
9,"iVBORw0KGgoAAAANSUhEUgAAABwAAAAcCAAAAABXZoBIAAABFElEQVR4nNXOzysEcRzG8ccORStt6+DHNsq2Di7sTTg47UVqXJSz/AlS/gE/ykVcHBVz4iLtnjcHF0QKu1mOyjR7kVrp3TjMqJnRHBw9l+/n+3n11Ef6r+nIH3ie53k72bY4pfI1frIQx3Hg03HO750vLjMRMkYf4MaSpIkz2Ahb9xGwa0pS+oQYjkBr3ZQk2YC7ErKuR+5m/bFQh0oxXFyiNe9Pc01gJnLOJtv+sOUCr73Buj14G5LUYy1nJC26seZVLl3avwag3KlIs6Fi9X0sWL21IkUZhwA4x9YerCmWYfv2uWmXpAte+uMoZfuGJE1/YP+2IKcwmWSDdZ4GknAVppIsV6NshP6pMJoFVUm85y/5BqIcfYuBE5xvAAAAAElFTkSuQmCC"
6,"iVBORw0KGgoAAAANSUhEUgAAABwAAAAcCAAAAABXZoBIAAAA+klEQVR4nM2QMUtCURiG3ytFDQUuXQxdWlqCXIx+Qg3lbCCCS00NLVE0GrhKULQFQX/g1tTUKIJC4OISEUVDVNzQlMinhsstta81epYD38P7nnM+6Y/YPZz/TSUrHY5GbFe8Api21FjOB6jHLLkPwO2med81QMEqXfFbQDsXMVzmCeBm3apcfgfAtdxMC+DUjUiaS6cT/W8BOJsYX/A87w5qG8M9cgc4H81eEDIrSUOB9CWlGq69t0qY6D53fyRDDpqP21HJqT0YctGZkiSO73uGa0HpR3B0Sn2J+CXfVAdXEV99AeCtXM5PhkPnSy/F9l631D4xf/NP+ASJP5UGOcZqnwAAAABJRU5ErkJggg=="
0,"iVBORw0KGgoAAAANSUhEUgAAABwAAAAcCAAAAABXZoBIAAABHElEQVR4nMWPr0tDcRTFz4ZBTcKCLAgWTbqJCoJlgs2gBgcGk6h5LE6wKYYFxSgWlxYsBv8BHQhjqEVMPoZjpokwFAaf+55B9vZ1at5N59wP5/6Qel7Z6fg/ZPGyao3X2z9Z7AEMPkujv9nGDfDu1SGvoS62YgApxSuU8+Xkz5wFZueSVLTArOqyzSbmzQ9IUg6D1pYDS1Cb/ZYj1B4h02GDZdhr67VkGiodWIALZ04aCE2264K0WUaS+iRpMtCdw8YPAscZ9zHHHkE97sCdUA9PFA08NznXllMvYHCscGfUX0+czgQpLS/4kqL+4a6bpFV9awAGYN6Yc8EzYR8+rvfbLCJJ27lqIbHaH7N61D95ugpDEee9peaZel5fYS6c4a90TPEAAAAASUVORK5CYII="
1,"iVBORw0KGgoAAAANSUhEUgAAABwAAAAcCAAAAABXZoBIAAAAbUlEQVR4nGNgGGDA06qJW9L+JyqfCYXHGo9HkoEFt6Q2Ax6dnxlf4Zb0+r8dn53OuCWvMKjgljyCagy6seRLaqjjkeThxSn59gseY688wWfnTgYZ3M6z/3eClxmXJOuLf0/EcWo1enUVt7l0AQD8jhSi+ztYhQAAAABJRU5ErkJggg=="
6,"iVBORw0KGgoAAAANSUhEUgAAABwAAAAcCAAAAABXZoBIAAAAyUlEQVR4nGNgoBbQejuNEZcc57x//1hxSdr8+/ecBc5jQpHjyWNgWPYHh8aQf//uquKQ4z7x758ZDjnmA//+/dXAISn079/PLFxOrfv37zAuOanL/77G45LM+fevClUEyZ/aDAxPcWnUeP/vJScDA8OcRwaYklH//q1kYGCZ8+/fPSzGMjDsYmCISGZgYMaUfP/7H5PLsr7/DAx8WpjmHv4HBYewe+Xfv3///n0VwyLJf+zfv3///l2KxuoZTpnL/27FcGGVGwIAAJQxUAPZNlpAAAAAAElFTkSuQmCC"
7,"iVBORw0KGgoAAAANSUhEUgAAABwAAAAcCAAAAABXZoBIAAAAxklEQVR4nGNgGJIgdbULAwMDA4NMPEKMEUp7reB5f3fD02wGPimNZ+gaNW7/g4EuuCATlL6xjoHh65UTOOzkmvj0hILEkX//Pitik1aXZ9C+8+/fe1xO9vv377kjLsn9//7txCXn+uXfv0wkPhMS2zKFi4HhlxRWfTav/v379+/fIQkWLJJhsFAowiLJZQWVPAATQTLi25Of7AxrVzIwvMFqa8u/f03IfCasqnBIBgjjkjzxnUGHG6c5J/79k8Mp6YdPkhQAAM6IVKVm21ZaAAAAAElFTkSuQmCC"
1,"iVBORw0KGgoAAAANSUhEUgAAABwAAAAcCAAAAABXZoBIAAAAj0lEQVR4nGNgGHgQ+jcEwWFCk6z9z4BTMlKFAbekOhseK//++YPbTiZGRiQeC6rkv/9vn+AyNf/vn8O45ISv//2Thksy+8/fM5LILkCWtGNkuvMclyTD/39NDDglGRg+4rLS7MGfTZy4JI/++WOPS07t3t+/qCJIIaQv9/8CqiSqg5bgk2TAI7nwED6l9AEADWYnHxwuycMAAAAASUVORK5CYII="
9,"iVBORw0KGgoAAAANSUhEUgAAABwAAAAcCAAAAABXZoBIAAAAxUlEQVR4nGNgGKIg59/1I7jkKv8cOv5uhgR2yYuP5Bm2/ctFFmKCMTx0yx8yXMJh6px/QgwMDP/WYtPJpr/jHQMDw3FpZEkWKM1rHMDAwMDwSQCbTj+GBwwMDDHuxxbEYFqp9u/OlLy8q//+/ZuAKcm28v+/f//+HVl8AbuLQ2NirBkYGn7oYziIgYFhNdQMv4voDkK2HsO1cPATiY0huQaf5O3TUlidCwEn/ongdtBmhlDckmcYgrB4AQrYVv4LxmMrcQAAvpw4UdKKZuUAAAAASUVORK5CYII="
7,"iVBORw0KGgoAAAANSUhEUgAAABwAAAAcCAAAAABXZoBIAAAAyklEQVR4nNWOrQoCQRRGDyIWMZlcrGv2p2jxAYxi0Gq0idlq9jW0GBaLiGGruCAoC76AIBjEJve6FtFdmAlGb5mZ73C+O/Cn09Ctk0zSsXtUOS0J/NPVZIqoiGjnk6S+sPo+xwWDOdcNznAYad0AZxICqHxgKo5doMfhaIABAdBiejfUUgPKt6fxt+yAZjYyeQDkQ/HzRhPouizaFjHt6c3a6omMbKykssrE3omdY1g/LGJfnxNbaW4vl6INTkWqySS288wgsIm/zguuaT629ZGFmgAAAABJRU5ErkJggg=="
6,"iVBORw0KGgoAAAANSUhEUgAAABwAAAAcCAAAAABXZoBIAAAA30lEQVR4nGNgoAlgROWax9px7Nq18yc2pSYv/vz98+fPHGxyHI/+HM8VLTv1ZxqmHPfqP2+cGBgYRI/dE8CQZD/xZy8DAwMDg5AWN4Zk5t+/DThd/vjPG1FccmZ//7Th1Ljh73NjnJKX/9bglFN7898eTYgJzpIS+MfAwKCSvq8Ji06HP3/tGVw+/v3zex2mTgYGBgbNudzfVjHyw7gsyHLVP6UZYuKwumja/79//4ZJPsYaTNJ///z54zv3z1cLbFr//vnz5wuuYHr858+fP7iCSbLyy58LWjJY5QYHAAC/r1dvYuOK/QAAAABJRU5ErkJggg=="
5,"iVBORw0KGgoAAAANSUhEUgAAABwAAAAcCAAAAABXZoBIAAAA00lEQVR4nN2QIY/CUBCEpwR1mv4GePbuLD8CLOhagqWWs1hIzkGCweCwEBRpguvjN0CKqn2zi+AuofTVoViz2f0yO5MF3qGM8ewSAEA3yfPRMwstv7+GO6FSCdQLcN7UgwaqKjp7Fs4oFAo30X1+VMYd3Z+AXxxLWcIxZVuRPUzoOKiAlkKh/fAxQ0dHx54XLpJJw0SSVhwG0KZ7fFutALNrEJYl3b9+do0yvPQBALFMPWbp1gCI8/OnB0ZzTS0tN1U56bgqOv4/Plu2gPWPV/jqugF7X11sq6OFigAAAABJRU5ErkJggg=="
5,"iVBORw0KGgoAAAANSUhEUgAAABwAAAAcCAAAAABXZoBIAAAA3klEQVR4nGNgGEqAEc7irbqny+D2Q4+R4f+s/J9oyoL+wsFJOYgQC5L0/3Pqs9YoSq9lePUN3YKgv2fRhRA6AxgY7KV81zCceoLpMqYDf398//v379/LXpiSjnDn3GDHMDaMgYFh3/aTDPbNqswYOvu+bBVlZWBgEPv7Nw/TXHUIJfb3bzncHXDJm1gciSmER1IKn+rVf//K45Kz/fZ3ASOmsGiRFgOD49u/79yw6Kn7zMAw5d3fvxnYDNz7s/fB37+f8rG6f/7fv39/LjBAFkJE2YTvKtdPLsPlUBIBAJ9zWh61BhPIAAAAAElFTkSuQmCC"
8,"iVBORw0KGgoAAAANSUhEUgAAABwAAAAcCAAAAABXZoBIAAABA0lEQVR4nNXPIVPDQBAF4BcGVSTNfyA20UUCEmIbCZlBYoujPgLTDBJmMKT/odVnCcgIDIG4Csy9XUQDnfSicOyJu7nvbmcf8G8riuaUcpkHLvkZ7XqZM8eEQimNMSspD7cwoy3CcABgQns/6uK1LAAEJ7lQqNQC2P3FFz0IMDkdqCpUVF47X+cUCoXGfNTpsNs2Li0t7TgE8qOteZJaKJTC78kf17aehQVt5tpeKXwAEFcydTCxvElHADI+b27bKBfe420DAPC8De60u9417UEdbLz1lFfjt0un7c/78/2vTzfJahnBTyhM3Sh+xXdT0fJp6CKgVEqd9RqOF7SzsJf+UN9RF4sd3151vQAAAABJRU5ErkJggg=="
8,"iVBORw0KGgoAAAANSUhEUgAAABwAAAAcCAAAAABXZoBIAAAAgklEQVR4nM3SORICMQxE0T9cbNonwz6ZzMmaAIryMiIiQOlzW/ICf11h1xRt20oxRr0t/DgKEZfhV8tq5/ipddsTgPeSY05C4xSUvqECgEbvW0etxxx7itagXyNtmnVERV9sRIkUAbhTtjkBqiHmixuTVUqCVDt/atmOxCC+fJGf1hMlOzxvXnSHKQAAAABJRU5ErkJggg=="
3,"iVBORw0KGgoAAAANSUhEUgAAABwAAAAcCAAAAABXZoBIAAABC0lEQVR4nGNgGGAQv+nv/79//zbKsmORe/jnz98/f/78/RMIEWBEkjQ9znDrEgODqsH/iw6f0XUKdKfzMzAw8J7+swK31bP+nuNlYGBgYGDBkNK1S/7/DLsurgUf/vz9Y8GAoZM3hSFFQJyBgSHrHLoem94zf//+/ff3y3pjTAMnQ/z4IRCbbUf//D1ydsXfeVidkniqgZOXQaPqhCR2pzIwMDBU/G2As5kYGBjYdZAkb93aiiKZl4okeZshDMWk6G/T4GzeCX/2oUj6//172l+MgUHWrHf/v79fvFEkuY78+fP31cqVkLjsQ3Oh2kVoJP/5s6KPFyEOiWyxLG9DhnOMz7ZtfYLbk/QBAAvSb33fWq3HAAAAAElFTkSuQmCC"
4,"iVBORw0KGgoAAAANSUhEUgAAABwAAAAcCAAAAABXZoBIAAAAyUlEQVR4nGNgGDDw/+83fZySf3//3oApygShrBYxMLMyMDAwMLBN5WJBV9T8+3c+AwMDA8P837+D0XTCgakxprEwwGyqybB6Dw5JqYkMDO8+wniolke5YzoZ4qDndjFvfv/+fVsMQzL42W8ouIrpoLX3sBgHd1DErfcMn29hUwIxeUoygyyKsWhAFqudWAGmpKAzHmN/37VW2mSyZtMmBgZGVEmxgyoMDL//s/06/4/BDkOrYeO737+fNDZixCkEWPX8dsTnShoDALwXSMXKudm3AAAAAElFTkSuQmCC"
4,"iVBORw0KGgoAAAANSUhEUgAAABwAAAAcCAAAAABXZoBIAAAA7UlEQVR4nGNgGKqA/+0+CEObG1NyyZ/rQgwMDAwqf+0x5FK//9nCwMDAwLbo73wMyb9/rsgwMDAwRP/524suF/n3jxoDAwMD55k/b1TR5NTe/MtmYGBgYGj4+0YXKsYCk5QS+C8SyqB9/Gfo/5bLaBq5T/35++fPnz+/vv/ZyYImxyD258/fP3/+PHr8550MXJAJSn+/y8Bwt0/P7C7DwicY/oCCgP9nOHHJMVz+G4nEY0KRs1ZjeIZTUoH5yTVchnKe+eOP08aGv29wysle/VOAU3Lbn+9qKAJIDuKWYFh9C5dG7T9fDHGaSiIAAHUdUOUqLYgYAAAAAElFTkSuQmCC"
8,"iVBORw0KGgoAAAANSUhEUgAAABwAAAAcCAAAAABXZoBIAAABBElEQVR4nM2RLUtEQRiFn9n1o4jgIiIrVoMIg8FssNvUv2AyWcSwQQxGQYy7waBd/Akmg6zBoCCyKF6FGxSRBe8ZDffu/ZjJgqe97+F8vDPwv7F+7Zz7ca4TMPOHb32lSDoApkT2ZkpDHagVU6sJwLPyVaEce5zg6fie16XdBsRTlURzIFkwe5KUbFXrjEuyMCpJiryuZl+6gBVJ0ueyx65966t1/iFJ8lyBwZG6sg0AhnJqdjJrftM96lZVI/YuVcXtYc+wvniWOcY2SDsZpKkXcKdJylxKyWZpXwPYyKrMgfETcbmrXqZ9ZfG1/Vv/4Vh4aMd6j6JoZzXoA9DcDm/4K/wCOU+PnWnfuH8AAAAASUVORK5CYII="
7,"iVBORw0KGgoAAAANSUhEUgAAABwAAAAcCAAAAABXZoBIAAAAvUlEQVR4nGNgGKzgdQ8eyVd/9fBJbufBI/mvH5/kjyQIU+1IJrqDblR+/ZfPx8BqXfD8/yt0nasYwr7/vX/95t+/f//tQZesY2AIufn339+/f/9e1UKTFGJlYGCQKr32/e/ft6Y43CX+9O/fMlxyN//9m4VDjmXyv7+rJbHLSW75+++GGQ6N/n//nsehj4Fj+9+/4jjk+Hb9+7cahxzD1L9/b3PikHP59/dvCS6NSf9+lTDhkhT/V4lLisoAAC/9VKh02yWjAAAAAElFTkSuQmCC"
3,"iVBORw0KGgoAAAANSUhEUgAAABwAAAAcCAAAAABXZoBIAAAAzklEQVR4nGNgGLSA3aJk/bN///5t0cAi2fEPCn4bwISY4JIHGC7OnGpktI+BGa6VBS65R+ndJwjrOS6bzT/9uyOBXYrN+MS/fyk49M3+9+9fGy5DH/7790oKl2TQu3//mnBJMvBUfvlphFOW4eC/PNyS/f9uw9lM6JIaDOI8OJ306983GexSrFN///u3BKsUS/TZf//+7ZOECzBCaZEYBnULfcb/v3oa/qBrUjj3/9+/f//e7lLHYmLuv////r3rEcFqnezKE+vicXqBygAAZ1NTEoj8+RsAAAAASUVORK5CYII="
6,"iVBORw0KGgoAAAANSUhEUgAAABwAAAAcCAAAAABXZoBIAAAAz0lEQVR4nGNgoBtQWP1CH5eczpO//9oZGBgYGJgw5Lx2SjIwPMauL+X13+ep8cxY5Xz+/b2nhMM+u3//f9rgkFPd9/enIy6HTvr7F5c+hprv31NxyQV/+duFS45h87/tHLjkGv59NhAREcAuefjf9+MfXr+RRogggk9VgIFN8xKvkDQWfQwz/v77mtJQ9u+WHBbJ6n//ixgYGP7/88Mi+ervc3l25QP/fntglfx38/jfv//WYrPz9t9/f//+/XtACJuk3d9/X2f3WGGTGjQAAAIJUTxLRESCAAAAAElFTkSuQmCC"
4,"iVBORw0KGgoAAAANSUhEUgAAABwAAAAcCAAAAABXZoBIAAAAuklEQVR4nGNgGKKAY7ctmggTglnirMLAwMDAINHDi6FR+MV9iNyVH24YklH/GhkYGBikL/x7iGlsAoRaqvenClNSjIGBgYGh3Irh2FJMx174JyxUd+HPv381cCEWJOntJgy/PwkwfMXUyFD+69/vg55+/5YwYZFkcPF1Y2BY8F8cmxwDAwMDg97HRwI4Jef/m4/EQ7NAmGEqTkkmFqxuhQCt/xcFcRv7/8F73JKogHxJVCC+X514xfgAAIyEL3DAG5LxAAAAAElFTkSuQmCC"
6,"iVBORw0KGgoAAAANSUhEUgAAABwAAAAcCAAAAABXZoBIAAAA8ElEQVR4nGNgoBdQLXx6fzl2KZXuF//+/XsmysDAwMCCKsWc3MPzdstZxgQuTG3MS//93K7BwMCQyYshJ7L5379QXE458++nCS657j8vVXDJ6f37F4dLjv/2vxYOXJLG/57woAkxwRjcLgxxX9Ak4YHAqjBxHwMDA4NK+s8OdEUMCt+mMjAwMLd9+vcvBUMnN8dmBgbxhW6M/xl0MCRNGBQZRLYZMqxm88N0rOq/xQxn/t0P9frxRR2L5PWIP1eVKn78K8LUKXzt36d/c0/++7eQFVOSQfXHv3///v27KYdFjoEh9N+/f9uapLDKDRIAABRGUtUhcPjqAAAAAElFTkSuQmCC"
6,"iVBORw0KGgoAAAANSUhEUgAAABwAAAAcCAAAAABXZoBIAAAA9klEQVR4nGNgoAOw+PV/nzgOOauHf//+3YrgsyCYomGtvAx/Zn7Cqs/979+/y82RRZgQTDsGBoYNJ7FbKHn479978tjlhA///XtTB4dLFf/+/bsbTYwJmTMHh0aG8L9/zwsYBx/aFqyLKXn079/yuff+/v3798aaCHYMyVcX/8LALS0GBgaUEHoUIcvAwMBQZcLHoOxwDVmj4b2/p6HMkr9//2ahuPbJRwZOLRYGBgYGVlGsDvqby8DA2tz/9+/f+8aokmZ///79eu/e/b9///69j+4bRbhT/z5F08fAwMS/AiJ1LJMX01IGocjmv8cjI3Elk8EAAKx5coNswSJSAAAAAElFTkSuQmCC"
3,"iVBORw0KGgoAAAANSUhEUgAAABwAAAAcCAAAAABXZoBIAAABFUlEQVR4nGNgGGSAEc5iNWNQsw7mZ9hyZdYDdFXKp//+/fvv79+/f//d4UOXnPP379+/62P8/Ir//T3OhiZp+f3v379XRBkYGPL//hWGiDHBJI9n7GFg2PiFgYHhDD43Bv37J4xLjuPk3+9CuCQb/v2dAGUyIosLSOgam1qzvZH5haFFvvDmv79///597oLFPP9///7/+/fv3xFslmnteflqT/ueH1/9cDmHgWHpv9MwJhMDAwMDi0ZjB1xyL4McimKRv3/T4S4+/O8lquS/f1YQFmv9xX//L6NICr//e9+UgYFFpOz0379f94qiOkLiw983Tf5b/v77+/eSG4YTw75A4vmKIScWD+jOfvf37/UEbFJUBwAFKnTmMhJuMwAAAABJRU5ErkJggg=="
8,"iVBORw0KGgoAAAANSUhEUgAAABwAAAAcCAAAAABXZoBIAAAAxElEQVR4nGNgGGDQ+3qvNC656N///s1jwSF5/9+/f/8ScEga37/5758qLnP5bv9bxYpdyoB11r//MTj0Tbj17t82dhyS3Af/fVFBEWFCML9eYGCTweUchkv//j1RxCX59l/cttUKOCTffNNmb7ujgUPyJgMDw8T7mrgleXbNYMPiWgj4ciytGZvkMUYGBgYGBkYpbMbKPTdmYFC4828xTAA5+h5tbnj7IEOM4TJ291b++Pfv3wkB7JIMpfdeTdXCIUcfAABh+0S6WVLclQAAAABJRU5ErkJggg=="
8,"iVBORw0KGgoAAAANSUhEUgAAABwAAAAcCAAAAABXZoBIAAABHUlEQVR4nM3RLUiDcRDH8d/2jKnofEGH2MRg0GAxOJhLIoLBuK4ighosCiZBMGxGp1HTVLCsGYZBFmRB5oowBCfCXBEZzJdH/D4aBNHn/0SD144Pd8fdSf865s4+nMyQJ4VSNg7UC3HTWrK8J0bGs8/U+tzWewEzktSzw23Qhbs8RC1JUviO0d8Ws7/qpGBn0Y3dl+QsSQocAQuutpPn3GxFwrNleM0lWl1qbdagYlM/HvZaNPqIA4vfuf+HTZ22+a5sn8+jrGHtiWK8eZ2MadYeHDRJAxQaDZyHQ0vSBnn3eRR7oRSUFCqzbzQ9oTooSSlqxsv6ISlJ0w6rxsT2aypLkeX7NyfpN1BjeQCqEwGPLdW1ki5Vtzu86K/jE20fdrCH+BgsAAAAAElFTkSuQmCC"
9,"iVBORw0KGgoAAAANSUhEUgAAABwAAAAcCAAAAABXZoBIAAAA5UlEQVR4nN3Qv0uCURTG8SdoK0R9URyaWnJJ/UscG2wqCRE3h5xtb2xpCNwsAl2jcBEca0lwcHBwEQx/DSr1BQfB3tfX8w/4TPfyOfdyzpH2Jgfe69WJMnFN7+59hTdPiz/WqXolUZn8ssnYawOA3kPJcc46W1gYAS+psCQFW9Bw4y3Axfoch2FAknToqngsS9Kgrnlt6n4ZeV78dzPLbM/R2tjbuW8JsdNiUOGk9H7549uAJCkHpHeTQm34iBqYg2/L0iNm14YddyFv2FENmtanWfiKGKZXllnL1MdqRlLl07FxR1bDCXWowOxFyAAAAABJRU5ErkJggg=="
9,"iVBORw0KGgoAAAANSUhEUgAAABwAAAAcCAAAAABXZoBIAAABEElEQVR4nGNgGEqAEcZglze2ZGBgCBN/tnbmo8+oilSP/EWAc3koOpkWRjH82XONgYGBgUHLheVL6Zx/CI09f//eFYNxuBu//Z3ODpfjPff3riBCqejDv39V4Ty1v3+LEHJMS/9CJFlgIl8QkkURDL+2v0LWmYaQ/PL37w6IEQwMDAwM7+4heWoZJ8O5EGRv7vi7GsrKvv/37wdPBlTJLxVcDAxssZt+/f37NwNFjkHnyd+/H969e//379+/f+9qoEoyaD6FB94zDpggzCvXLYQTuRl+zl6kzdD7gwE7kH36dwcTDjnW6X9/OOCQYxD8+3cPEhfFDJ4VDAwHcGkM//v3iTYunQwML72v4tJJEgAAF1Z11n9hdD0AAAAASUVORK5CYII="
4,"iVBORw0KGgoAAAANSUhEUgAAABwAAAAcCAAAAABXZoBIAAAA20lEQVR4nGNgGKJA6NVOCMNJECrChJDkFHnLwMDAwCCzWhlDI+ean6YMDAwMDDr/TDAkVf7dgjBq4JIIY6M/BUAYppjOMfx2Hcq6fYgTXXL1r3gIg+3+RXQ5za9XoKyQf7UwQZidPJybIAxmVYb1MEkWuN7cJ199T1s+/OeO6R7hxdf+/3swMVKJ4ekjfkxpFg4OVgYGBoYnsxFCcNafPwwMDAwMVhIP4EJIYQsBYkwbMU2FgcP/MIMdBiQ/f5PDaaw8+6lHOCX5WTYx4JR88YsBt+TzvTidQwoAAJYdNkOIPuXjAAAAAElFTkSuQmCC"
4,"iVBORw0KGgoAAAANSUhEUgAAABwAAAAcCAAAAABXZoBIAAAA7klEQVR4nNXOIUtDYRTG8T9zguCdim5tIAOHiEFMomVgWrT6BcbAL2AwrKlVv4DB4MCBICKsaTOJ7OYN4ToMS85hOs81KKIc32D0Ke/L+XEeDvzbTF4LgML6L1g2A+DiqeCxYbcAe7oZd7Y8Gi0B07FqfnHXmgAta/rFlbfhIlCRNp3lH+wUoGNXvrSux3lgomtVXxprm8zcfseeZxy2TLWDtslsy1lDSiUlqfr5r2H2802G0d354DLXS3cG/p7iAjB2pHjW20c2TOWQTZ1YEoWwIpVCFrXtLGSs2evqj0Hm27/K4X0QX/rHwdY/5h1/VlVorYOy0QAAAABJRU5ErkJggg=="
0,"iVBORw0KGgoAAAANSUhEUgAAABwAAAAcCAAAAABXZoBIAAAA9ElEQVR4nM2PL08DQRDF35KqVrJnQZ/tFVlscaRYdO9DIEmxtVdssTTI+xBn6R9JqOGaVjWpmreH6G6T3TuJYMa83d+8vBngn5XyXtej/mrz0jwZT4VymMVNLCkNTz1Oar5SaPu9HbDO3LBIH+JoZpiGxrHwWQOApuQBuzV0X4bbKx/m/NRWUhanzJaDWn3srFQ4Hv1VD+zi7HyC57xrb76tjBTWfuRAinMABb5zvXes86purLxw45faLju8r4Ir0XO3RUsWOoCJ8BEAMKGEDD1WGQDM+dUPGRLhT4w0pwxrDHiraGjKSd0HAFm2kKzbiP64fgF2nWsQqyojjAAAAABJRU5ErkJggg=="
7,"iVBORw0KGgoAAAANSUhEUgAAABwAAAAcCAAAAABXZoBIAAAA60lEQVR4nGNgGHaA88aXCiVmHJLOf/78+bMtTwhFkBEmuZOBgYGB4cHXyQwMDBKhv6NvoupcVnnvz58/f//8+fPnz58zDAwMDEwI+U3tavknfz48efIcAwPDGzQ71zIwMDAYSDAwiP/588MBWVL5xZ+jUCbrhj9/2lGdexEmybPuz5/NnKiS5guNIYwpf/5c5sPh4brPfz474JDz+//3gyUOObPPf//U4pATOvTn7yNp7HLc8/78+eWFQ+PBP3/++OKQy/nx52EpDjmLH39+VeCQU7z151cNDjmGlj9/6tGEkKKM4VYvLo3YAAC282DwDCgo5AAAAABJRU5ErkJggg=="
8,"iVBORw0KGgoAAAANSUhEUgAAABwAAAAcCAAAAABXZoBIAAAA3ElEQVR4nGNgGMRA1Ln//9+/XxywyTnd//Pn758/35OwyCl/+PNnWcykP7uxaez48zSciUHhzlsLuBATnLXvD4fMP4b3N/lLsWmd9edNAcPMP18tsUky5qzjifz2Zw0Ovxhk//1zgAWHpN+fv388cMiJnDrz948ODsmcv3/vfl7OhFWO4/6f9Qwb/kRglTT/88eYYcOfy1glH//ZxMTg/ucZQgTJBhaGv/8Y/iArR7c+DI+klA3Daax2XvlzL/vvnz9pWCVV7/358/fPZmaskgwRD/7sdxLBLkdNAADIaFhV4qcU4AAAAABJRU5ErkJggg=="
1,"iVBORw0KGgoAAAANSUhEUgAAABwAAAAcCAAAAABXZoBIAAAAXUlEQVR4nM2OwQ2AQAgE0cbc0rQyYmXjy3jhBC8+jLyAycCa/aGcAoLOdupYs5xv3C07Krh+RlPtEOEyejWaehCVQcDHPvYsFT2yJq1ktr9J40WatRIB1sJMxS/rALR9NGD5I3RxAAAAAElFTkSuQmCC"
0,"iVBORw0KGgoAAAANSUhEUgAAABwAAAAcCAAAAABXZoBIAAABDklEQVR4nGNgGEqAEZmjxvn8FQ51uqkf/hzHIWd86M+fP8+wy5l+/tMh9qLOq0QUi77P/4+wS2z9//fv379fHNlR5HjX/fkZnP7nz98/f/78+ftnFieyZOqfP/Z+f/7s7bzlmr99358/s5D0Cl78c4lh4WMnFlZVBgYGVufHfxwRksl//oQyRKTA+QYvPiFsvPJ3Iar7LvxlYGBgYGJgYGDg1vi/DdV97P/h7Jw/q3hRJGf++QNnb/njiiIX+OFPCZzzF1Wy/sufFUxw3v/zSFJ2+///rULiv7gGs1LKZeGbP7diJJEksyHGCrtV3fvz5/F2BZg4IwMDAwOrxoPPDAwMvAoMjP8ZPjxmGEgAAIKja3Z/REzBAAAAAElFTkSuQmCC"
0,"iVBORw0KGgoAAAANSUhEUgAAABwAAAAcCAAAAABXZoBIAAABH0lEQVR4nMWSPUsDURBFr/kwIAgSLAQxCJImQsAfYBVJF0TBSgQVK8FSCwtBGy0sBEGwUSxshRT2KQxoEMUmQZAFySJCVm2MROSgxe5ms+vWeps3lzPzZubxpP9XPLv18j3bFYZiWROAgbCyArau+36zHaBpFoHtIMucAaWc0g9wG/OzUQPe1/slpV9hxse6i2As2vE+bEqSW548zcuYL9um5g7vzLKW1+P4c3Az+1he1f1ukDnqqdOcaLvBGxjxFrziY8FLXYKTSNslwOy459L3CGOw4bnzFrUhSVJEkqakhotSF7m4CnUvdxoOnXDyDqqZaEeTBLzNSdLKUwuqKf+yFfiyLMv6BLefp94Kro6CTIom9xoHUDoeDv0hf6gfGI6EbQSX6iYAAAAASUVORK5CYII="
1,"iVBORw0KGgoAAAANSUhEUgAAABwAAAAcCAAAAABXZoBIAAAAeklEQVR4nGNgGMTA4NVMnHIsfb9/o4owIZg8egwMAbgkPxxmYEgTwCHJwMDA4K6HS/LidyYmRpxOuvv771Y8xjKo45NkIE+SCc1BLMicf/8Y/uMzVsAel2QZAwM/Tsmjx/A46MU9Jiackgwd//7hlryJx1h0gFeSRgAAtLEXzTxnp8kAAAAASUVORK5CYII="
8,"iVBORw0KGgoAAAANSUhEUgAAABwAAAAcCAAAAABXZoBIAAABJUlEQVR4nGNgGNRAdfvd/68WH26SxpRSmffl799/f//+/fupmQNNTvrC3+8b41RUDFue/vt7EVWzzbt/nzIgTJFVv//GIsvx3fr7xA3Gccr6OwHFLf/+OUGZvv/+q+oxMDAwsMBl/zOISbxgYBBQj0r6f+jxDxQrha/+/feiXrX1yd+/v3bwontEovz7379///77+8AIWxAshkg+FcEiN/X/v00mDDF9n09jylX++NfEzMDAwBD0TgBdLurr31RmBgYGBoagvx7okjf/9kEddvVvJpqcxucPohBW+F8YCw4m/guHMGr/fW5HN3XiXzMGBgYGo43//hrABRHBt2TZM+EQDY6v865ieMT47d+///7+/XpKHUOKgYHBrv/xv5OlmtikqA0AW1l8cEiPFEMAAAAASUVORK5CYII="
5,"iVBORw0KGgoAAAANSUhEUgAAABwAAAAcCAAAAABXZoBIAAABEUlEQVR4nGNgGGSAEVPIV5OBoVyQgaG8G1k09NXi569evfr29+/fv3/funMiy0V8+IsAr71QTBM8B5P4c+yYvx4DAwMDC1xyhj7Dm08MDAxzbv/bgO4Mq7d/H2rhcnbi379BuOSKf/09zoQuCBNgZmb4zx214PHjxycDMHTO+vv381WIY3/UwwRhIfTvP0Lhb8XnEAYLku63P3bsZ2Co0GHNqEeV/PXv+oJtdxkYGBgSdeCqYZIcMAElRYa/h3B4SfX237/70AXV2RkYGFiDb774+/cpP7rkQxEGA/vJf//+/fsxAcO4fzs2v/779+/f9+tsMe1a8ffv379/PyXbIQvCXNvHEPpoKsPR4zjcSVUAAIBqfTRDIE9VAAAAAElFTkSuQmCC"
7,"iVBORw0KGgoAAAANSUhEUgAAABwAAAAcCAAAAABXZoBIAAAAwElEQVR4nGNgGJ5A7PP/JJySk//9+/N6xoztztgkf/2DgPlQPhOSnBYTA8MzBgYGBk0sksFMDFt1zK0ZGHZiSrLnMDAwfzhtyPD3NKaNzHmFn6IY2M7/q8PuXBZGhkX//mlil2RgSPv1r54Rh5zEy3+7uXFpPPDvlRouucrv/3JxyYX+/HdEAJfknX/v5XBIMc/7+88Flz6Zf/9OMOOQY5n176YiLo0O//654ZJj2vbvHwu6YTAGJ/Pd1f9w6cQGANfXQikja599AAAAAElFTkSuQmCC"
1,"iVBORw0KGgoAAAANSUhEUgAAABwAAAAcCAAAAABXZoBIAAAASklEQVR4nGNgGNTg7AURnHLBf//F4pTc9O/fRmQ+ExJbRPk5qmJkyffmq3FL/v3CgFsSA4xKkiZ5GJ9SiWc3uXDqfHGUA6891AEAF8URFzpMg+EAAAAASUVORK5CYII="
7,"iVBORw0KGgoAAAANSUhEUgAAABwAAAAcCAAAAABXZoBIAAAA6UlEQVR4nNWOr0tDYRSGn91x4XNpYYhtIDItXpNxaX+CWGZdHAjaxIEgay4ICk6MmpcsgopgH4YpCxuYDQtLQ95zjY7d7wtG33Q4D+8P+K9anjwm9XjukZu7aw+g+xeIK0dfC0bXl2SSZNoCIPqF28n7avs1UHk+rUGuuNGQXeQXYToEIN+zt1LGaVcANKXNbKyNAMofOvZ0PnUAbjRM/JtK17cz7QcGc5jacyH7dhGwM7NJ1eM5KMLSQN97vkAX4S6lk0Bf41TqBlgrNevFXrR2dmfqO79vpS0brwdC6eqzEmKMtRtkf9cP85BQHVjcqJYAAAAASUVORK5CYII="
5,"iVBORw0KGgoAAAANSUhEUgAAABwAAAAcCAAAAABXZoBIAAAA4UlEQVR4nGNgGGSAEcGU2s89/7DkCoa/fzCViV7/BwGXxTHkpBdA5f79CMaQu/bv379//948fVrnjKGx7d+/f/9+NEtgdZjYh3///h1DE2SC0q+iGBgYDuPyk8K/f//erutVwSn579+/l71cWCQ550B9cswKiyxX8PFzu979+/dvFyc2k7kFGLTW//v3by47DnfxR3789w+7bxkYGBiuICSZ0OXkBHBqY5C79A+rse7Z8gwMDf/+/bvKhyGn/PPfp7dvf//7dzUcU6PoNWgoLMRmHUv0rf///1+XYsHtIuoAAO0cdd9qEbTSAAAAAElFTkSuQmCC"
5,"iVBORw0KGgoAAAANSUhEUgAAABwAAAAcCAAAAABXZoBIAAAAtklEQVR4nGNgGDaAEbuwoivLwasYonwMDKyWnTt+/ft3B0PO7F7mzc///j1e4eenhSYlvPnrv3/vTvf4smOxye3fz9WhvNhdwX74Xy0uhwus/fdVBoec6Y1/Pz/Pxi6X/PnfaoOIj0LY5EQffqxlZrD7KoZNUv1GLBOD6Oo7wljkApQYGBjs1/xrwKbxABOL/aw/fzawYpO8vP74v3+vkrG7ddv/P8ezBdFFoVHGp/kFM4YGHwAAmdBAKQkMdKgAAAAASUVORK5CYII="
9,"iVBORw0KGgoAAAANSUhEUgAAABwAAAAcCAAAAABXZoBIAAABEklEQVR4nNWQPUsDQRCG30QJIWihKIoWNrGMYKEWJ4Kdtdpoo9haBkHBykKw8aMQPKz8AWpr4xUBSZsidiKIHxBFUDlsHjZa5EJu7zyx9W12Zp+Zd2ZX+k9KBWduVJrcVrq+cVW7idTM7gCAAcqFCHugBVluXrdLUm6iT5L8R6W6eqX1y/tQowPguauSZlz/2rFcHcAbDpIFm2n8DU6yzSzb02bRNWCvoxF3HrBitxbfYbcR78PHku08B5+lRUmqAac2HCo9GWPMiPRijDkLvVPS3dT8Ybd0fqRMXfpSVNNbwQ/xOhaDymxWbwF4HoxDSXnX9eMLtRTaNp1U8zO8qEj9+aT6QhmKiW7HeAO/TfuDvgESZn5bxutJbgAAAABJRU5ErkJggg=="
9,"iVBORw0KGgoAAAANSUhEUgAAABwAAAAcCAAAAABXZoBIAAABAElEQVR4nGNgGKogjYGBgT3j8Nd//1axY5Hmnfzi77+/1z/8O86JIad99+/vRQF6nLn//kagy4Ve/HfKn4GBgSH2398MVCnhVf+euECYO/+fR5Vzeft3CT+EmfX93z5Ufdf/LYE6Qu7K33uyKJIlf1eyQVhS1/7eDkE19cJhKEPq7r/vaHLaP/shDPP3/75UovlC/68rAwMDp+Hxr3//VcNFWSCUIkPKf8FgTd3/DAxd3QzoYOo/CPg+HUOKgYHboufckmP//p6RxCLJwMDAYPrg31rMAIcAwZ6/TzRwyDFk/ftXj0uu6PPfv9Y45IxP//20SBCH5PR/fztxGUo6AACXUGZIbAd4fQAAAABJRU5ErkJggg=="
4,"iVBORw0KGgoAAAANSUhEUgAAABwAAAAcCAAAAABXZoBIAAABA0lEQVR4nM2OsStFYRiHn+92J4vhDKhrdEoxYMCkrPfWlbIy+gvsdoPxDsaDmG/ZLDJYGBTJQlJH6URh4ff2GTjnOxfXZPCrr96n5/3e94V/mkazJ8CwXTRLbv7JDuOCtqW1knuUaT2n2KTlIHcla0U5Jabz3sJV22ZJaL3xthNoVVLYGKWmkjRpM9CCTHMAVABOIA1yDDb2gjxwzhVudMm5/dePWwBSjweYZpyZyT6f9zmA6Lh2lwwMMeXBebgfycIWFm9lUvHqdCQ+e3s2ezhqUG2bdYwFqGc1Ti9h8OrzkJ+yIimvK19lf6n+Jiece+k2lVlpq6uMrn/ZmbW6/vurvAMELmi1oMddcQAAAABJRU5ErkJggg=="
2,"iVBORw0KGgoAAAANSUhEUgAAABwAAAAcCAAAAABXZoBIAAAA7UlEQVR4nGNgGPyA3V8Ul5T15u//ZjAESmCT0z37fcqiX9t/H8Qix7Xz32wG/ef//tZhkSz/N5k7etG//6uxWfhpvdGOf//+HRPEIpn678P7f//+/dsL4TKhSfPxv85e/e8INrfmfFwVJmZxfxs2OQYGWQYGx2d/wrFLMjBIX/w3G8ZmhFAiDiHKDAwf+h4XuUpfsv2Mojzo1D8E+FUOE2ZhYGBgaKxl2N5rKsyfysDw7SsDgwGKxjNPEvmEkrZ9//dvRQCGIx792/Pk379/3x8W8GC6cN7vf/9+fluhgy4Oca2RDMOlB7g8N4gAAIgJY0Os98QsAAAAAElFTkSuQmCC"
5,"iVBORw0KGgoAAAANSUhEUgAAABwAAAAcCAAAAABXZoBIAAAA5UlEQVR4nGNgGATA9P8UOJsFztLzYDhikyLH+M8Ji5Z7f/9+//v379+/c7HoZGNgYHv8+tSzGV+w6Hzyt15SiBeHS578VUMXYkJi66BLIuy8IRm2joHBWoSB4ewTDGOT/75Z1L32w9+/fw9h2in+9C8UfMvFlM049Pnv3w+HDp3++xgqwogsbc3D8OEkg/OuZ7I4fMTAsPLvaZxy8o/+JuKSU9r894UyhqgECwMDA4NIz9+fTRhy9p9LREQspz3++7cD07hMmC/vqMLF4MH3F0L9fuJxB4tL8t/+/btrhgJOX9AJAABCTV+RW3IKqAAAAABJRU5ErkJggg=="
3,"iVBORw0KGgoAAAANSUhEUgAAABwAAAAcCAAAAABXZoBIAAABH0lEQVR4nM1RPUsDQRSckzMisQjCpVJO8EBQCzstAoJaqwgpLKzlsLG0EMQynWCZHyDEb9DCgIXYWNhIRFKqARUkxUWOIMxzLc6c2VtSCr5qZ4aZt7ML/LOxEjjrwMftUQMAYP/yHoY3lOvCUphd0S32WRB8CkkK2dzRY8fuAFjq6fH+2tvqbk8E0HPD5/fdOQcA3siOl1wPRTppq3WyYLBDI9lUemJfyAs7qaWKlMsKKdwbMIwzZFSl4Ji7ek8qSkRkLWbawpuLmEZuG0oXM42vCF2hDxiPxS4Ag9XlGM8DZW3ZMUutoxckH6cuUssBQL9fk48FXZx8JXmYzxerwnApWSJz3qoYbpoVR0uReDCl0T//mXZ94OX0wfT9wXwDl1p6MpTRUhEAAAAASUVORK5CYII="
7,"iVBORw0KGgoAAAANSUhEUgAAABwAAAAcCAAAAABXZoBIAAAAm0lEQVR4nGNgGAX4ASOMwabCoKvqy8rAwHDryrNLF/4gSZpE+CszXjl1b8M/Bg4vBn6/Nyun/oNpcz3wsdhbkRVuHofZ41VwzonK1ymo1gXDNTJUTwu6E4gieWoLnKn2J7psB7LcqmccCI7b75MIpQxME35rISuVj0awxbbdVUf3Mlzu7C1h3HJ7xHHJMe9Yx4VLjqGyA7fc4AYATC4snTe7Wu0AAAAASUVORK5CYII="
4,"iVBORw0KGgoAAAANSUhEUgAAABwAAAAcCAAAAABXZoBIAAAA9klEQVR4nNXRsUqCYRjF8ZOZJELRYIlDoCDV0OoNBDXZ5NriJDZ2CVHNQTS0tJQQUV5AQ4OLFUHQ0BCIDg0R0ifaUPJ/aJCG7813aOysPzhwONK/TfzM1iRJk1O/sQj7khS9ORxzbfaBbk6SKkbcsbkThq3zfXuccKwKxxFJyVt6hbCN78F9TFJk21h3SvPQzmklm7zA6rGwJZ7hqR4MPnoQLIQtWjMAA4Mtp3QVoHNXLbfh1N2YvuwelDJSsU9jxt3/M+eL902PLb5A2WOpczjymHbNPpc9tvEKOx7Lv5kFCQ/WoLXkscKAqxH/D5NtXk/77O/5Bqioa211uUBxAAAAAElFTkSuQmCC"
6,"iVBORw0KGgoAAAANSUhEUgAAABwAAAAcCAAAAABXZoBIAAAA7ElEQVR4nM2QsUoDQRRFz1uyjRYJiG0QlhRJ4x+ksLKx0DoELIWA32CbKoII4iekDJb+goXNspAiVapYbGWR93wWkezuZE0pXhiYx5m5c+/AX2hqNiqmqIwOn6/c+QXeXVd9yrB3uefBTNXm3Xo2/FS1cb2tJDHMH8pQit0aaFS8imkicEs9PBk4obYwbsJyBhy3WC+CUx1VTYGbN9NVP4RmlnH6aOZmdh8EcmhnrSPny8EDCMSJ/KT6qPbspADim7W5U/ohEZFIRCLJz4JAcfKuqqaq9vq005hhmqvlq/T8YJcBLzq6CCv+K30DbtlN2utp6VIAAAAASUVORK5CYII="
6,"iVBORw0KGgoAAAANSUhEUgAAABwAAAAcCAAAAABXZoBIAAABEUlEQVR4nNXRMSiEYRzH8Z83XXQiojMYyGA5w81S4gx0ZXBFFGVitdvUTcpwnZhsJkmZlbcbdB0ZGJh0BoXhruPtfcsXw9u553WvzeI3/Z8+T7+n53mkv0tH7tNuNtbR0fo8eQGvwwZGBr7HhSu4WwrvXKzC9Vi4JapQ6A63uUe47AylprTHezbclAZ3P5yU9ODoF+vJw1bsx0G14WRKhZknSSlLssuBTWsObpdiy/YNwE7AEi7MRzdf8OP0G2YdQnbaA3ArFQ9yZilQBJz7jRErfgvnLXXc89uKSSl+AJCSJPk/V5IkvW1/jK/MRqTy+qlR2/uAkeOh4HVXd59rlB9sa3ih9okzKGUyfa0N9E/yBXDmkBjVbzWfAAAAAElFTkSuQmCC"
0,"iVBORw0KGgoAAAANSUhEUgAAABwAAAAcCAAAAABXZoBIAAAA/UlEQVR4nNWRMUtCURiGX7lTNCRk6NTg0h+QfkJQBAVdlwinBhPagtbmpoZIcGuIqDWIBq0WvUvRIFwigmhqSw+WSdcnHLLrUe4PyHd7vufA+51zpH+W2OjAyen1Ovrs1IkPzUIyyq3dAcBFhFt95+0ZoOmOtmeLLb5d56wLfC4MyyzwtCnpHGDHVu5eAKVZSXKOAXvhZR8etpxfmLiHxsCttPm4Wg/Rg8eBrMJtCIlcw+7caPO1GNIuEORD/AGv3xebPOhAtyhbcihJSu0DvGxbu9aAwBhjTAuoH83Zl4zf8BfvNJ0YfhzNlAGoluan7XH/P5OZpUup0tEYpwd8g4wFkw2xOwAAAABJRU5ErkJggg=="
1,"iVBORw0KGgoAAAANSUhEUgAAABwAAAAcCAAAAABXZoBIAAAAoUlEQVR4nGNgGOyAffNXDpySy//924RT8tq/f19toGwmLPKMLDg0yjz59287LlMb/v37aYdDzurPv38f4DxUO1m8mRi+eeLQaPfv379qHHJs2/7/28OOQ7Lk379/Lrg0vv33fy8ujdb//j3RwaVx179/e3HIMeT8+3dDAZfkzn//4nHJJXz/91YKl+SFf39TcMkxXPj3E10IOWwn4NRIXQAAW0g73h9UtMgAAAAASUVORK5CYII="
0,"iVBORw0KGgoAAAANSUhEUgAAABwAAAAcCAAAAABXZoBIAAAA+0lEQVR4nM2RMU7DQBREB0RPQ6qkdGNccAwkqkirLbgAEg03CDR0IU0UReIAhAoJhAQNlY+QAokKFyEHoEEaTdYp7HjXNmWK/Gpn3/7/ZzXADtfhRHIav8u9dVrsjqRIUpz1AGDPw8kFgNscwI3D+VO9UySvNicDAPsbNJoD05N7AEC/7eVvflmqRNdNL8NK9tLCUOmFJIPHlo/+M2pBxjV45lmUhdBJ8gq5ZADgoIAutH66cp8LL8Vgjl2KA/wP7TeVxg34Vc5ckpqFW6JMUpJ0EOWS9IJa2SIom4nka53h+KOKkg9HaFJjCpiabnUZhB0DeO7//jT7tl5rF/6XvAAMt/0AAAAASUVORK5CYII="
1,"iVBORw0KGgoAAAANSUhEUgAAABwAAAAcCAAAAABXZoBIAAAAnklEQVR4nM3Qvw7BcBTF8atqkdgk5o4mZjGKReoB+gQGu9UL+LPZOnsGo6UTdn2FTn7pUPINk5ByVnGmm3xyznDN/iH7+0ZjwfF5emULq6/7AwcV26rRcYHrKVzDTM16QzOniivIOsLqB5io4hKoCQsySH2BCzgHwkY5xML8BK5tgREwFdbM4dL9bq0EXCSKc96/WsoJdg2Nt76yX+YBpSA+JJhE1awAAAAASUVORK5CYII="
2,"iVBORw0KGgoAAAANSUhEUgAAABwAAAAcCAAAAABXZoBIAAABAElEQVR4nL2Qr0uDURSGn0+EWabsUxCZYlfLgjBRg8GyFYvNIgj7E1zWoH+AS8Isgqhf0eCaYDS5BcFg8QcsCcKYILzXGe6Q+8m9dW85557nvId7DgxekQ1TGxDvAUM/J8f3/3oa6stI7dM4DZsOlEr96rAN9Z255wQgym/B+k3aOj4zYZMVSdeBD2YvpM5aADYkXQXYopFaeT9bfTf6nA0Y72Setv2o2DWmtx+Y2Za0MOJlhVfp+8jvW6pLOrT5ZrU67bLRD0lJBuJyebcj3cLfbYnGgPNJarkiADkXAnAGUc95p6DVYwt4cyvZhy9JemleLvsudKCkUpn3rzJA/QLz9GoaOEom+gAAAABJRU5ErkJggg=="
4,"iVBORw0KGgoAAAANSUhEUgAAABwAAAAcCAAAAABXZoBIAAABAElEQVR4nM3NMUtCURiH8SevUeANhRBaUqEiabwO1ZJDgxA0OEgfwC/QEjRIax+gqS2IWnKyoUkiqNGiMaS7NRSEpERdsn8NN8p74mwNPcs5vD9eXvjPuf6eHYvyx8NfeQogNogVEi4Ah/UVE90FOh2A1PKQa+KuR7MLsJ7mzrhYeNZtBmD+RTeTUZu411sBnFTlQX4uauktqcZY8VhSUI2aU9fHa+3ClyQ1jYMt/XTpRW0mGMBtY/E8HD+eHkjtrIFrDelsY2mahrSJmZNMDgNeX0cj38P41/v+BBDfiXEd/NoMW5RO5ixWupJmLTa6L7UcC+alXt5ilNr9VZv9ZZ8Af3EGE+qFoAAAAABJRU5ErkJggg=="
8,"iVBORw0KGgoAAAANSUhEUgAAABwAAAAcCAAAAABXZoBIAAAA30lEQVR4nGNgGEigNePcv98d5ljlgt4dnpCQvP1PByumnOrnHmYGBgYG76PJmJI951ggDM2NnBiSU58IQVnamDp9/+njdivvg8siuGVNXu5XYmBgYGDHKqt6/WsQs9sMKxyaW14ev49LjoHh0P8HOCW9v1s0/sQWQgwMDAynWhkYvJ/sUsUuacvAwKB54UMSVslsBgYGBs5Fn7AEL8P8Z0oMDAwMDMmfwjAltb5vhgR670UsWit+bjVkZGBgqPkOCWhGFFmzJSp7/p2/lSWj9R6bo/wX//j377IdNin6AAAygEKtVc2QIAAAAABJRU5ErkJggg=="
5,"iVBORw0KGgoAAAANSUhEUgAAABwAAAAcCAAAAABXZoBIAAAA70lEQVR4nGNgGPQgoJKBgYGBm4GBgYEFTYotbDony30vMckj6RjaTI78+/fv3/9//67YY5o569+/f//+/Z6dK4xhLN9KF4Zn2T8Zvh7G1Kbw7N+/5ezYnalx69+/f98DscoJnvn378mef8vYsEmW/PtXzyV68Z8XQogJzvr3Kbbz2+tDDPrYLWVgYGDw/ndMBE2IWxzGWvIvGV19xkooQ/vrPW6EMCQQgoyknjEwuDHLF3Je/YOu8/afOtsJz//9+/fvnSuGM27+g4C/z40x3dj679+/f893Z9uhCjMyMDAwMLBn8bza9u0tVs8NJgAA5R5dZ73ZHGEAAAAASUVORK5CYII="
3,"iVBORw0KGgoAAAANSUhEUgAAABwAAAAcCAAAAABXZoBIAAAA7klEQVR4nGNgGLwgfeG/f//+//uXBBdhgbP6cxn/MzBAELqkQQwjw6rn4hHYTQ0WFmaVPPX3799ErNIyza/+/v27lgubXMnzv3///r3Ng02u9Pvfv3///r2GTc4HIvf3kSsWSadPf48EBh35+/e7HzZjrXgYGHgO/f3bhN03DAwMrq+wa4Xa/fdvBk5Jjb9/D8HYTBAqukIKSR5N/a2/d03FYTpfoRv27u/f+3Ms2BmEG/7+vYNu1fS/f//+/bth2r2/f38noEtqP/gNCaG/f6ZgcWbynJ9///798ygNIcSIJK0c4bz31Wxs/qMuAAAzc3FPEern2wAAAABJRU5ErkJggg=="
5,"iVBORw0KGgoAAAANSUhEUgAAABwAAAAcCAAAAABXZoBIAAAAtUlEQVR4nGNgGBmAEasop6Y9A8ObxSwoghwW6rbMnAbMbKIM7y/PRtPR/////3//nu7fWGyCbpjaxJevfDnZ2VnQJRgYpHa8+v/PG4fTZvz79//fC1nsknoBQlwpv1bh0MrAwMAw95kxNmEBBgYGBgb5T7FY5JbmMTAwMDDYvubHInng90IOZgbuWTelsUiqvv7373L1jO81WJ1iu+3fv3//VnAiiyECnttOneHrmvdYdQ4JAACUkDWTKiUZLAAAAABJRU5ErkJggg=="
0,"iVBORw0KGgoAAAANSUhEUgAAABwAAAAcCAAAAABXZoBIAAAAzUlEQVR4nGNgGHDAfmamFE7J5j9/HuKSE3/1589uXJKb/2yU4cUhx/v/79+//lzYJbv+Xqv69jcXu+TDv7kMKX+vC2OX/KjPwPD3jwU2ucl/rzEwMPw7zY7NORf/FDKg6GRCSMZpQxlGWCSNGBjOMTAwwEhUSV5GxoMMDLyMv3/BRFgQkv//MzAwMKT8P4tNJwSEI7HRJesMGeZg8QlDzt99DLpP/17DJsdg+afb7eGfx2pYJXlXP/n75083kggjElu/n0Hyv9sTrDrpBgASZkRKEe5FtQAAAABJRU5ErkJggg=="
0,"iVBORw0KGgoAAAANSUhEUgAAABwAAAAcCAAAAABXZoBIAAABCklEQVR4nM3RrUtDURgG8LcMN2TIFg7+EcIFw7JBi2UszTbDTWJQkLl40XQR47Y2WF8wGNSgYBFm0HCTgmVhX2W4cTE8DzN4v869N8ve9D783nMO5xyRVajc5pXzdZAmGePiGQQ+N1LwGAAIoJSg87exj6MYqZcfcGgfKks9ArpVSc47f/09qVnNAaanXrjTV5ou0d+RVDQXYC/vp8oMZ5E9XcDKBrELqCDkHdIKR5vk63qQ6kAvXFcjZuVwlOgH54npEm2J4rXfFm4W4HRLwz2v258AuC1GL7nkpYjIWv1pSTL2rMSgYRi7DwDxcZLVsTzw/gJ835Z4NXxsFRImmZL9PbePlErSf9cvi3uVqmXGFacAAAAASUVORK5CYII="
6,"iVBORw0KGgoAAAANSUhEUgAAABwAAAAcCAAAAABXZoBIAAABBklEQVR4nGNgoAOwDjhyXhGHnPPTf/8uaWCXc/n676UvD3Y51xf/fnnhMPPA23///s4XwK7v7b9///79WxGFTbL3HwR8SBHDkJPa8w8GHhjDBJmgtJI9AwPD338MDAwMcj5M6Fp7//37N6UWojcDTScE9DBM+sPAwNAVC+GyQIVt8xgYGBh+cP02s2Bg4NFD1cnIzMDAwPD/x99GBgYGBhcVTGPF+BkYDjRfY2DQl0Sxze7fv3///rkxMDAwmP37988WRZK759e/f/8eTFdRUTnz7997EzS/3P2HAN2ormVg+PCdE8r6nnoCPRQYfF9DtL3ygYkwIsna8zd+6mVg+HAIQ99gAQCruXgSVqO5EQAAAABJRU5ErkJggg=="
4,"iVBORw0KGgoAAAANSUhEUgAAABwAAAAcCAAAAABXZoBIAAABEElEQVR4nM3QMUgCUQDG8S8t0loKypairQspKBpaXarJQKicpammosGlOWmuRhcbKmgwiOZGOaEIyoKWcEhuTCXM+lfDKfgO3Rr6pj/343G8J/3r7S00qz/ktUjtcaCRRxceC5e46XVzt3orydeC1R/lP9yMBT0HgzZvc25ufXFu4jak3IqWOBs3LFElF5AkDV7hjBm2VODJcvMA5g3z29Q25JtcC2jGJj9r4DrUM5lTWNYJxYhhow6NTcQrHBsXGXpwpXK3Gr3nucc4mAKgnJ5SqMzrtHnFb+By05KGc7BjmpLJxT6/JOudzxWf2m7kGrLtSYpDwfvizYWLOImuDhiDfeNDd0vXD9Mvnf74l/sFdF91kpVsqSsAAAAASUVORK5CYII="
3,"iVBORw0KGgoAAAANSUhEUgAAABwAAAAcCAAAAABXZoBIAAAA7UlEQVR4nGNgoD9gRDDZj5i8WsvAwLB9x28sCrPe/f379+/fvxOwGsPhNfPmzXt//3bgtIjzxN8LPBAmE4bk93cM779DmCzoclJpRgy//2Izkkug/dXfv4ctMGXkmpbd+fv377f5uhhS1ltf/P3740ejpgqmtpJvf/8eSsDhgd1///6dIYBDMuDh379/f+3Uxy6rELPq79+/z9ZbYZdm1Fz89O/fHw2cOAznL7zz968HDkkGzgKcknIu2/7+fSEB50PDlo01gSOah1+EgeGn8wt0PT1/oWCLOJIoVOdxE26jpZ9XvWe4/B+Xc+gEAPkAZPbYNyOOAAAAAElFTkSuQmCC"
8,"iVBORw0KGgoAAAANSUhEUgAAABwAAAAcCAAAAABXZoBIAAABFElEQVR4nGNgGNSAO3zZ3xMHpmhzY5EzOffn758/f/688cCQEjv36Q9E8u8lYQYGBgYGFoTkQj0GhmdFDAwMEeZa9utQNer+/fNntgQDAwMDQ8afVQwMDAwMTHBJnXuMjNcYGRgYuMOzGK+i2yl75M+fbVBX6WO4iP3hnz97X3z68+eFPhOGJEMqxLWz3bB4M+Dcnz9//3zxZceUErr09+/fv///OiKE4P60TNL+z3CC3eg/FiO5l/35e7KMnfPEHy9MyUV//jSIMjBI3/pjgSm5588FBgYGBru/f7DYych4mIGBJc+PafcJTMn///3fXUlzZPgw5zumsZuhsZWFxbHQwLmUik2OgcXl9ZvJXXxY5agNADMceW+haOltAAAAAElFTkSuQmCC"
3,"iVBORw0KGgoAAAANSUhEUgAAABwAAAAcCAAAAABXZoBIAAAAyklEQVR4nGNgGEqAEUL5rGN9ek7y0POVnz9gUXTi758/f/7++XM9FYukzw2I5J/XMhjGMjAIhDNsLZAMZ/hqdxGXE479fYTEY0KRs1f5/x+XPptXf/6k4JAz/vjnz3Qccvkf//09xIssgmTnT9b//39mGePQ2vn3z58/34/mcWGT5NXofvLn758/m3A52Hjz379/N+CS5Vr9589DXJIMlghJJgxJI5zaGBgEbvz9iy3aIA768+cxDrlZ3/7+eaCNQ9J638duXHKkAABxdliKwSQ0dgAAAABJRU5ErkJggg=="
7,"iVBORw0KGgoAAAANSUhEUgAAABwAAAAcCAAAAABXZoBIAAAA20lEQVR4nN3RP0tCcRTG8UdtcHFKEGu9Uza1SY6GIEGvoSVajGyIcBOhNyGILyBwcG5yEcRE2q9QkxDmnym933QIl3t/5w30jOfz+z1wONI/zN3qd9u8cFtqDPD9KKmcDeMpBAEsfd8POmH0lgyvmjMAPo/C+spQOrntAuScKCWO35lk/kbx8BsWB+pPoz9rkpR8oXcY2eW6fiZJl3Dv2FSSlB4wTVrYgJJB8fY6eE4Y+ABvVmd1DZ5h5xu+bmJu8yb8FK3SJ8hbVphTMTqVGjGPHGOf7Acty5zZAbVSW1KiwBoiAAAAAElFTkSuQmCC"
1,"iVBORw0KGgoAAAANSUhEUgAAABwAAAAcCAAAAABXZoBIAAAAXElEQVR4nGNgGNQg8IAdbsmDf6Yic5nwGYQquRufUt0/H9XxGMsjhkfn3wPkOYgUSVRw6O9/HZw6//9/+g2PsRvvUcVB6JLT8UlewSfZi9uSg3+U8em8i1sn1QAA1sQWyfAleVkAAAAASUVORK5CYII="
4,"iVBORw0KGgoAAAANSUhEUgAAABwAAAAcCAAAAABXZoBIAAABB0lEQVR4nM2QMUtCYRSGDyqkwx1ukkOD5JDLpb0fkEOTEG0tCv4AoW40itMNWhoiGoyWpKkpEAS3pi5uTUGuYUpepBLifbstH3IMvq2hd3q+83A453wi/zjJQ/pJm6wCo2VdSCjeFjl7M5ytuwuNAYENw24AXzsvIoKUeZwDx8otXTG+n08nP1aU3AOuC4ZzRFRWzgmBXcOrfaKmJ54ALZEt1ztt74TgkaNc7h2Y3vQ+XyNiCtyldeMDScYkOXwkaapm93wsIt+zJwl77Xhyu3C/FEu1Trm0KbI2ABpiSYu4yFhc8MWXdYsrDtU3/Uq+C0wKFtkEnvctLjsGKrZNnUscJGzyD/MD5AxygHoSTYwAAAAASUVORK5CYII="
3,"iVBORw0KGgoAAAANSUhEUgAAABwAAAAcCAAAAABXZoBIAAAA+ElEQVR4nGNgGEDAadC65d+/A1XcGDLMWhPv//379/PTf3/viKBLit77+/fzzUJzhvR3f89iaOXNKbdhYGBgYKj++9YAp9XCz/56wDksaJJfLn86iVNnzd8luKT0b7+7x4PgIowNkWIwDuD9/ztp40M0LUKnPv3++/fv339///69IYsmqfzp06dPXW4MDAyxX//dkcfpJNGTf2+K4pQVv/HXFMJiwpR8eZkhHackwzwYA5tkDE4bGRiiP/21grDggeBmd2UFAwODhZZ4FdeDO6jKdb///fbs2bPnn//+/XtPnQFV59snSuziDAx/uhk2XP/7A4+ltAYAWxpfsRXaZhUAAAAASUVORK5CYII="
9,"iVBORw0KGgoAAAANSUhEUgAAABwAAAAcCAAAAABXZoBIAAAA20lEQVR4nNWQoQ7CQBBEFyRYsKBPo6kFSy2+lg9A8hGgqW01miBXYNpaLE1wJaidBQGEuysVSEbd5WV2Z4fofxUWUOjqK4orCAQS11CQQnFlZkXR8Vh/C0E2I6LJGYkHU2huns/dHS5bIlsPXjMYYmw2tTIWUNe5kfwdYglB5qTRMiQiou4ohYJ7Nhzj/NySCgQSuXkUEZGZ7hUKLY0LISfmCgKZCxbelVy9PEYRkK9ZLshWAwprGz8alupX91EuiVV622GBaR1vTcbI7cbbyGP77469Xw6Nzp/0AHhEflJOhy9SAAAAAElFTkSuQmCC"
2,"iVBORw0KGgoAAAANSUhEUgAAABwAAAAcCAAAAABXZoBIAAAA2ElEQVR4nGNgoD3gL5j//993MWxSasee//377+/fEEwp5dmf//49XmxxEIsky4m/tyeF8DIwNH+TwdTJI8TFwMDAwPvgM243Of1FkmTCkH6IWzKfYQ1OU6P/3eHEJcd95V8+To2T/+3BKZfy868FLjmWvX834Db07zmsgc7AwMAw9/snD1xy1V+++TEwMDBwCGcXFnKjykl9/ObHwMAg3nrx79+/f9NR5Nhu/P067dyXL9///v1798hSLRTJqL8Q8HB9rKog3PlQ+jXDil8Mr7cz7Mfpl8EAALAtVgHHU7JrAAAAAElFTkSuQmCC"
2,"iVBORw0KGgoAAAANSUhEUgAAABwAAAAcCAAAAABXZoBIAAAA/0lEQVR4nGNgoAvwfrNfHYcUx6w///7d08AuGfbv/eIH/2Zilyx4K8SQ8P+3BVbJgxsZHD79+9cB5TKhSJ5k4J/D84DBGKvkM+8jSoeq4VwWVHOZtN/m/0DwUOT2MCxRvYjgouq8KvD5P0M0Dsn/nxgYGPQZ1mL1CgMDA4P/91+oOgWqfqx69g4iEsW+CFV1wr9//x7MU2dkYGAwefvaDEVO5MW/f//+/fs3W5NB4+a/ClSNsv9OScRuePnv35fnX/79+9SNJnmMkYFBaj5E/79iFEnuK/+aXVwKHv/79+/fv0vVDKggGqLlx1pZWVkuDM9VfPj379/uGJyeHyQAAIMgbUo7sq+eAAAAAElFTkSuQmCC"
0,"iVBORw0KGgoAAAANSUhEUgAAABwAAAAcCAAAAABXZoBIAAABDklEQVR4nM3QO0sDQRiF4YNZhaAkBLSxEGwlaKGFjGIhKNjZWOjWFjbaSHpBxCb+CiGFWO2Wdmm1EYKkUfC2oCjeIKz6okWS3Z1savFU3+FhZj5G+gfJuqWfutvXjQr+CcB7TpLkWLaxPiE9V3T0ljo2svcFAfXR4S533kO4Y4BqivxayJmrwWv4KGVsW3iESkbS1D6Qt2zpFYrZ5o4HcJi0+QAq2VaZfMBL2GII4/E7ly3skSRtOvoOadvakD6Tm/KyHJWCZy/kcxoXQ+M2F9exGtPteWD7xv4ElwgLcxCYJBYvKDenXg+CGVnxCcvGGLN1RaNq1IlRdtWZ/pUnAO6O804KJRc4X53tIn+cX4giglT5NvhiAAAAAElFTkSuQmCC"
3,"iVBORw0KGgoAAAANSUhEUgAAABwAAAAcCAAAAABXZoBIAAABAUlEQVR4nGNgGMyAU23q01f/t2hikZJqPP7379+/f/8+LMaUDP/79+/fPz/+/v17FyrChJB0+Hd1XWYwR9oFuAgLko3nzRgYGBjmyhpgcw4fAwMDA4PQ5b83sMhKGBpyGBqe+ftKF1Nu2oO/f0///fv3bxGmXPJPiEf+9sDdgXCtFUzszh9MSQYGBgaGBUEnGELgPEY4y1efYffNj//ZnvLrYXMtBLT/1cYpx3AfXXKpM4zFnv93M5o77t0VhDDYZv/9G4hm1Ka/u7kZGIwz9lz/+3c3H5pk6t+/v37+/P3379+/O9nRHcHyEBo6uwv4MZ2oueXv3xsTfVSZcfuCegAAd35rsjYT2KIAAAAASUVORK5CYII="
6,"iVBORw0KGgoAAAANSUhEUgAAABwAAAAcCAAAAABXZoBIAAAArElEQVR4nGNgoA9o+v8uEpeczNVLGva4JHv+9uM0VObicpxyvM/+4rSQwePvJU5ccoJvP4fi1Bj+dxFOOZZ97zhwSpb/XYFb44F7KjglRf/+ePfuXR12yQl/Xx469PFbMFbJx3/rGBjUZh5CiDAhS+9lYLilzIBN0kLoy0cGBgdbrJI//925wsBQxnIFu52XhTWW/J3HhF3y792/f+exYvdK6LK/36pxh99gAACJoTyhgITtqgAAAABJRU5ErkJggg=="
6,"iVBORw0KGgoAAAANSUhEUgAAABwAAAAcCAAAAABXZoBIAAAA/klEQVR4nM3QvUtCcRTG8acIHXRxqKD3IekfaIq2CGoJmyNqi7LWoKmIlgoElyDaXMI1XJxEhDCI+w/kEIGbSxnSle+hhoy49/pbo2c7fM4LHOkvEqucXVnVgUcGlH6qwWjDy44DRyQ/1+y/NetbJ+u4ONGiu+ewSQ8eHKZT8FIOO/yAjBLHzfrBcNgWurAxcPIGUAjZ2JP5tVT508zMbDaIi3CrO4zGfg52g1iEzbU2ne10PA/rAYuXeVx9hXNN56GWlCQN9XBqSZX5hO5LK9fjUv09MJnmOwZQSAZPbv1i6zJkGm30sH2zHP3PXBGgfhF5jiRp5hkvE+tL/yZf3JGFLtkE3cUAAAAASUVORK5CYII="
7,"iVBORw0KGgoAAAANSUhEUgAAABwAAAAcCAAAAABXZoBIAAAAvUlEQVR4nGNgGDaAEcaQlWZgYFC/yRCXsPRT4ydkJcyZl17+g4A/X//9mwwVZmFgYGBgSJvK8HM/w+1DAcKXN55oKRREMVw5wUkexuY59c8Ppyuk/n3RwyXHuQqPRvd//0RgbCZ0SQGGune4NLKdei2E09Sif6twyjEd/WuAU7Lm3w5kpaiSKgyXcWpkuf/LDqek4799OOUYzv7LQXEeMoednWEPTkkdLQZ1nKZO/teNohiFc/f/+n+4HYQGAGGSPAFSmN8nAAAAAElFTkSuQmCC"